,Year,Gross Production,Total Imports,Total Feedstock,Total Exports,Destruction,AIM Act Consumption
kg,2023,146037.82,69877.56235,-21441.69744,-20234.27307,-938.0665,169176.4784
MTCO2e,2023,186344679.8,124863064.4,-15870097.18,-33719710.01,-8704102.493,252907037.5
